{
    "isabelle": "version 0.0.1",
    "author": "e74ed045-8724-4e5f-926e-914613108f3a",
    "Visuals": {
        "Enemy": {
            "Enabled": true,
            "Box": true,
            "Name": false,
            "Distance": false,
            "Chams": true,
            "Health Bar": true,
            "Head Dot": false,
            "Tracers": false,
            "Tracers Position": 0,
            "Name Color": {
                "X": 1.0,
                "Y": 1.0,
                "Z": 1.0,
                "W": 1.0
            },
            "Distance Color": {
                "X": 1.0,
                "Y": 1.0,
                "Z": 1.0,
                "W": 1.0
            },
            "Box Color": {
                "X": 1.0,
                "Y": 1.0,
                "Z": 1.0,
                "W": 1.0
            },
            "Tracer Color": {
                "X": 1.0,
                "Y": 1.0,
                "Z": 1.0,
                "W": 1.0
            },
            "Head Dot Color": {
                "X": 0.529411792755127,
                "Y": 0.2823529541492462,
                "Z": 0.2823529541492462,
                "W": 0.3921568989753723
            },
            "Chams Color": {
                "X": 0.699374794960022,
                "Y": 0.39956045150756836,
                "Z": 0.939226508140564,
                "W": 0.3921568989753723
            },
            "Health Bar Color 1": {
                "X": 0.41960787773132324,
                "Y": 0.2823529541492462,
                "Z": 0.529411792755127,
                "W": 1.0
            },
            "Health Bar Color 2": {
                "X": 0.529411792755127,
                "Y": 0.4078431725502014,
                "Z": 0.2823529541492462,
                "W": 1.0
            }
        },
        "Teammate": {
            "Enabled": false,
            "Box": false,
            "Name": false,
            "Distance": false,
            "Chams": false,
            "Health Bar": false,
            "Head Dot": false,
            "Tracers": false,
            "Tracers Position": 0,
            "Name Color": {
                "X": 1.0,
                "Y": 1.0,
                "Z": 1.0,
                "W": 1.0
            },
            "Distance Color": {
                "X": 1.0,
                "Y": 1.0,
                "Z": 1.0,
                "W": 1.0
            },
            "Box Color": {
                "X": 1.0,
                "Y": 1.0,
                "Z": 1.0,
                "W": 1.0
            },
            "Tracer Color": {
                "X": 1.0,
                "Y": 1.0,
                "Z": 1.0,
                "W": 1.0
            },
            "Head Dot Color": {
                "X": 0.529411792755127,
                "Y": 0.2823529541492462,
                "Z": 0.2823529541492462,
                "W": 1.0
            },
            "Chams Color": {
                "X": 0.41960787773132324,
                "Y": 0.2823529541492462,
                "Z": 0.529411792755127,
                "W": 0.3921568989753723
            },
            "Health Bar Color 1": {
                "X": 0.41960787773132324,
                "Y": 0.2823529541492462,
                "Z": 0.529411792755127,
                "W": 1.0
            },
            "Health Bar Color 2": {
                "X": 0.529411792755127,
                "Y": 0.4078431725502014,
                "Z": 0.2823529541492462,
                "W": 1.0
            }
        },
        "Gradient Health Bar": false,
        "Use Display Name": false,
        "Dead Chams": {
            "Enabled": false,
            "Color": {
                "X": 0.529411792755127,
                "Y": 0.2823529541492462,
                "Z": 0.2823529541492462,
                "W": 0.3921568989753723
            }
        },
        "Target Hat": {
            "Enabled": false,
            "Color": {
                "X": 1.0,
                "Y": 0.0,
                "Z": 0.0,
                "W": 1.0
            }
        },
        "Triggerbot Highlight": {
            "Enabled": false,
            "Color": {
                "X": 1.0,
                "Y": 0.0,
                "Z": 0.0,
                "W": 1.0
            }
        },
        "Silent Indicator": {
            "Enabled": true,
            "Color": {
                "X": 1.0,
                "Y": 0.0,
                "Z": 0.0,
                "W": 1.0
            }
        },
        "Render Distance": 10000.0,
        "Flags": {
            "Invisible Check": false
        },
        "Target HUD": {
            "Enabled": false,
            "Aimbot": {
                "Enabled": false,
                "X": 20,
                "Y": 20
            },
            "Silent": {
                "Enabled": false,
                "X": -20,
                "Y": -20
            }
        }
    },
    "Exploits": {
        "Speed": {
            "Enabled": false,
            "Value": 0.0,
            "Key": {
                "Bind": 0,
                "Type": 1
            }
        },
        "Fly": {
            "Enabled": true,
            "Value": 37.36800003051758,
            "Key": {
                "Bind": 70,
                "Type": 0
            }
        }
    },
    "Silent Aim": {
        "Enabled": true,
        "Key": {
            "Bind": 5,
            "Type": 0
        },
        "Silent FOV": 600,
        "Hitchance": 100,
        "Sticky Aim": true,
        "Prediction": {
            "Enabled": false,
            "Method": 0,
            "X": 1.0,
            "Y": 1.0
        },
        "Closest Part To Mouse": false,
        "Misc": {
            "Spoof Mouse": true,
            "FOV": {
                "Show": true,
                "Color 1": {
                    "X": 0.529411792755127,
                    "Y": 0.2823529541492462,
                    "Z": 0.2823529541492462,
                    "W": 1.0
                },
                "Color 2": {
                    "X": 0.529411792755127,
                    "Y": 0.2823529541492462,
                    "Z": 0.2823529541492462,
                    "W": 0.1568627506494522
                }
            }
        }
    },
    "Aimbot": {
        "Enabled": false,
        "Key": {
            "Bind": 0,
            "Type": 1
        },
        "FOV": 100,
        "Method": 0,
        "Mouse Smoothing": 1.0,
        "Mouse Sensitivity": 1.0,
        "Camera Smoothing": 1.0,
        "Prediction": {
            "Enabled": false,
            "Method": 0,
            "X": 1.0,
            "Y": 1.0
        },
        "Hitbox": 0,
        "Sticky Aim": false,
        "Teamcheck": false,
        "Healthcheck": false,
        "Invisible Check": false,
        "Misc": {
            "Offset": {
                "Enabled": false,
                "X": 0,
                "Y": 0
            },
            "FOV": {
                "Show": false,
                "Dynamic": false,
                "Color 1": {
                    "X": 0.41960787773132324,
                    "Y": 0.2823529541492462,
                    "Z": 0.529411792755127,
                    "W": 1.0
                },
                "Color 2": {
                    "X": 0.41960787773132324,
                    "Y": 0.2823529541492462,
                    "Z": 0.529411792755127,
                    "W": 0.1568627506494522
                }
            },
            "Snapline": {
                "Enabled": false,
                "Color": {
                    "X": 1.0,
                    "Y": 1.0,
                    "Z": 1.0,
                    "W": 1.0
                }
            }
        }
    },
    "Triggerbot": {
        "Enabled": false,